event_id,ad_id,user_id,timestamp,day_of_week,time_of_day,event_type
1,197,2359b,2025-07-26 00:19:56,Saturday,Night,Like
2,51,f9c67,2025-06-15 08:28:07,Sunday,Morning,Share
3,46,5b868,2025-06-27 00:40:02,Friday,Night,Impression
4,166,3d440,2025-06-05 19:20:45,Thursday,Evening,Impression
5,52,68f1a,2025-07-22 08:30:29,Tuesday,Morning,Impression
6,99,03834,2025-06-30 15:19:43,Monday,Afternoon,Impression
7,40,23ee4,2025-06-22 14:24:32,Sunday,Afternoon,Impression
8,105,bfadb,2025-07-10 01:50:54,Thursday,Night,Purchase
9,107,0124f,2025-06-26 19:31:24,Thursday,Evening,Impression
10,6,c025d,2025-06-29 05:45:19,Sunday,Night,Impression
11,94,94d94,2025-05-28 05:56:08,Wednesday,Night,Impression
12,94,fa7e7,2025-07-21 03:10:13,Monday,Night,Impression
13,103,1b08d,2025-07-27 05:16:56,Sunday,Night,Impression
14,176,957de,2025-06-23 22:07:31,Monday,Evening,Impression
15,80,77169,2025-07-29 13:47:33,Tuesday,Afternoon,Impression
16,158,638d4,2025-05-24 23:16:41,Saturday,Evening,Impression
17,168,6bb90,2025-06-27 06:52:36,Friday,Morning,Impression
18,87,5eb96,2025-07-01 10:03:45,Tuesday,Morning,Impression
19,55,5affb,2025-06-11 20:38:12,Wednesday,Evening,Impression
20,118,3d9c8,2025-06-07 14:57:45,Saturday,Afternoon,Impression
21,166,f0179,2025-07-05 20:28:50,Saturday,Evening,Click
22,173,ae69e,2025-06-24 15:09:22,Tuesday,Afternoon,Impression
23,17,b805a,2025-06-21 22:33:54,Saturday,Evening,Impression
24,114,e6ff6,2025-06-25 03:03:52,Wednesday,Night,Impression
25,135,84f63,2025-06-02 00:47:29,Monday,Night,Click
26,154,e3e42,2025-05-21 16:27:28,Wednesday,Afternoon,Impression
27,102,aed35,2025-07-23 08:55:06,Wednesday,Morning,Impression
28,22,8b048,2025-06-17 08:28:45,Tuesday,Morning,Impression
29,174,05055,2025-05-30 17:38:10,Friday,Afternoon,Impression
30,155,6ec6f,2025-06-03 08:06:30,Tuesday,Morning,Impression
31,67,1625c,2025-05-13 05:09:23,Tuesday,Night,Impression
32,166,19e47,2025-07-09 08:50:34,Wednesday,Morning,Click
33,196,97409,2025-07-28 12:51:40,Monday,Afternoon,Impression
34,78,07ff5,2025-06-04 19:16:17,Wednesday,Evening,Impression
35,143,dd72c,2025-06-15 00:23:19,Sunday,Night,Click
36,59,cbfb9,2025-05-27 17:06:35,Tuesday,Afternoon,Impression
37,127,adc63,2025-06-14 12:41:06,Saturday,Afternoon,Impression
38,182,4ded7,2025-07-28 01:02:57,Monday,Night,Impression
39,112,50e00,2025-07-04 19:54:22,Friday,Evening,Impression
40,194,ba71e,2025-05-30 13:30:51,Friday,Afternoon,Impression
41,41,e5da3,2025-06-19 18:05:13,Thursday,Evening,Impression
42,140,0b729,2025-05-23 05:04:59,Friday,Night,Impression
43,28,bc092,2025-06-09 23:20:42,Monday,Evening,Click
44,26,f78b8,2025-07-01 03:19:25,Tuesday,Night,Impression
45,148,51116,2025-06-22 12:32:54,Sunday,Afternoon,Impression
46,106,c6fd2,2025-05-22 22:34:52,Thursday,Evening,Impression
47,28,2f327,2025-07-11 00:23:35,Friday,Night,Impression
48,47,07c3e,2025-05-19 02:44:56,Monday,Night,Impression
49,135,aef6e,2025-06-27 23:59:08,Friday,Evening,Impression
50,130,1abd1,2025-07-11 16:49:54,Friday,Afternoon,Impression
51,158,0cb17,2025-08-03 16:10:58,Sunday,Afternoon,Click
52,163,da502,2025-07-09 14:02:55,Wednesday,Afternoon,Impression
53,61,22da4,2025-05-13 18:45:07,Tuesday,Evening,Impression
54,148,eb96f,2025-07-21 10:49:20,Monday,Morning,Impression
55,72,99e3f,2025-07-26 08:31:16,Saturday,Morning,Impression
56,161,30d2f,2025-08-04 09:56:41,Monday,Morning,Impression
57,34,18e9b,2025-07-02 09:29:59,Wednesday,Morning,Click
58,102,64e9e,2025-06-06 13:12:46,Friday,Afternoon,Impression
59,139,129f1,2025-07-08 05:24:03,Tuesday,Night,Impression
60,131,72b5f,2025-05-20 00:29:59,Tuesday,Night,Impression
61,79,3d1d5,2025-07-25 15:24:34,Friday,Afternoon,Impression
62,25,88fbb,2025-06-27 11:13:39,Friday,Morning,Impression
63,156,b5894,2025-05-21 15:22:40,Wednesday,Afternoon,Click
64,136,d924a,2025-05-14 18:56:01,Wednesday,Evening,Impression
65,1,e82c1,2025-06-28 10:56:52,Saturday,Morning,Impression
66,88,59152,2025-06-02 14:10:25,Monday,Afternoon,Click
67,12,3ed77,2025-05-15 04:47:17,Thursday,Night,Impression
68,77,02600,2025-06-24 07:57:40,Tuesday,Morning,Like
69,16,7d8c3,2025-07-24 05:50:06,Thursday,Night,Impression
70,195,f727e,2025-05-18 02:41:45,Sunday,Night,Impression
71,2,ecd84,2025-05-28 11:17:40,Wednesday,Morning,Impression
72,25,49cf4,2025-06-02 09:27:14,Monday,Morning,Click
73,170,ab911,2025-05-07 17:19:05,Wednesday,Afternoon,Impression
74,44,c0031,2025-07-18 01:46:40,Friday,Night,Click
75,118,9f5ee,2025-05-23 10:42:57,Friday,Morning,Click
76,183,7cd20,2025-06-17 22:34:21,Tuesday,Evening,Impression
77,37,4f345,2025-05-31 22:11:46,Saturday,Evening,Impression
78,81,9c38b,2025-07-20 01:26:56,Sunday,Night,Impression
79,183,dd99c,2025-06-09 14:59:53,Monday,Afternoon,Impression
80,124,90961,2025-08-06 10:20:23,Wednesday,Morning,Impression
81,85,8487d,2025-06-29 11:33:29,Sunday,Morning,Impression
82,5,a301a,2025-07-13 11:27:08,Sunday,Morning,Impression
83,163,bcf7d,2025-05-20 08:33:24,Tuesday,Morning,Click
84,79,f3696,2025-07-07 23:18:26,Monday,Evening,Impression
85,51,84f39,2025-07-06 10:02:15,Sunday,Morning,Impression
86,156,a1654,2025-06-25 10:56:53,Wednesday,Morning,Impression
87,135,5f72c,2025-06-28 11:41:27,Saturday,Morning,Impression
88,57,b8575,2025-05-27 17:39:38,Tuesday,Afternoon,Impression
89,81,59152,2025-06-20 16:20:46,Friday,Afternoon,Impression
90,179,6fa92,2025-07-17 00:25:58,Thursday,Night,Impression
91,159,56d63,2025-06-26 14:41:30,Thursday,Afternoon,Impression
92,163,e5aa0,2025-07-09 09:33:38,Wednesday,Morning,Impression
93,84,2929d,2025-07-01 22:22:56,Tuesday,Evening,Impression
94,41,e6c46,2025-07-07 08:31:34,Monday,Morning,Click
95,166,47f99,2025-06-17 08:17:12,Tuesday,Morning,Impression
96,3,56b94,2025-06-24 08:59:15,Tuesday,Morning,Impression
97,80,9d1d7,2025-06-11 10:03:18,Wednesday,Morning,Impression
98,164,02f27,2025-07-23 00:48:57,Wednesday,Night,Click
99,91,39bda,2025-06-13 05:17:50,Friday,Night,Impression
100,120,bf113,2025-06-23 18:16:31,Monday,Evening,Impression
101,198,3fd01,2025-05-15 11:51:11,Thursday,Morning,Impression
102,108,8e2d8,2025-07-03 12:16:27,Thursday,Afternoon,Impression
103,101,c416d,2025-07-16 20:28:34,Wednesday,Evening,Click
104,96,da029,2025-06-08 20:00:58,Sunday,Evening,Impression
105,122,cea3a,2025-05-21 18:52:07,Wednesday,Evening,Impression
106,12,1a99b,2025-07-23 16:57:46,Wednesday,Afternoon,Impression
107,129,d60ba,2025-05-29 17:31:43,Thursday,Afternoon,Impression
108,41,e4774,2025-07-30 01:31:33,Wednesday,Night,Impression
109,196,1069e,2025-07-23 17:16:30,Wednesday,Afternoon,Impression
110,105,fb161,2025-05-17 00:50:41,Saturday,Night,Impression
111,6,455ff,2025-05-28 15:53:24,Wednesday,Afternoon,Impression
112,185,4e655,2025-05-17 07:02:09,Saturday,Morning,Impression
113,129,bc921,2025-05-19 12:36:35,Monday,Afternoon,Impression
114,58,b6353,2025-05-29 02:52:23,Thursday,Night,Impression
115,45,9b610,2025-07-05 07:49:55,Saturday,Morning,Impression
116,59,8ff8a,2025-05-20 22:27:13,Tuesday,Evening,Impression
117,121,6e880,2025-05-17 23:01:49,Saturday,Evening,Impression
118,22,05037,2025-05-26 13:28:05,Monday,Afternoon,Impression
119,100,7a169,2025-07-15 15:30:34,Tuesday,Afternoon,Impression
120,43,25085,2025-07-28 16:53:55,Monday,Afternoon,Impression
121,168,f7174,2025-07-30 06:19:18,Wednesday,Morning,Impression
122,180,7953c,2025-07-30 20:44:20,Wednesday,Evening,Impression
123,78,05330,2025-06-05 16:06:56,Thursday,Afternoon,Impression
124,70,f9c8e,2025-05-26 00:12:41,Monday,Night,Impression
125,130,8d184,2025-05-30 08:12:58,Friday,Morning,Impression
126,99,50b45,2025-05-28 04:27:37,Wednesday,Night,Impression
127,56,4f4be,2025-07-17 23:31:52,Thursday,Evening,Impression
128,3,bc583,2025-07-17 09:12:22,Thursday,Morning,Impression
129,120,e0a47,2025-06-11 07:27:03,Wednesday,Morning,Impression
130,168,c3ea7,2025-07-15 12:26:41,Tuesday,Afternoon,Click
131,21,a4490,2025-07-03 11:07:04,Thursday,Morning,Impression
132,112,6bb90,2025-05-19 16:07:23,Monday,Afternoon,Impression
133,100,75c80,2025-05-19 12:04:18,Monday,Afternoon,Impression
134,129,a81ca,2025-06-07 02:17:38,Saturday,Night,Impression
135,68,bbb51,2025-07-20 23:55:39,Sunday,Evening,Impression
136,186,482e3,2025-06-22 01:15:10,Sunday,Night,Impression
137,126,062b2,2025-07-08 15:18:23,Tuesday,Afternoon,Impression
138,173,57693,2025-08-02 15:01:45,Saturday,Afternoon,Impression
139,197,2f7ca,2025-05-27 08:10:25,Tuesday,Morning,Impression
140,21,2355f,2025-07-21 04:26:14,Monday,Night,Impression
141,123,e814f,2025-07-17 21:08:41,Thursday,Evening,Impression
142,30,01ddf,2025-05-23 06:53:02,Friday,Morning,Impression
143,44,67830,2025-06-21 17:39:34,Saturday,Afternoon,Like
144,30,5f239,2025-05-28 05:38:02,Wednesday,Night,Impression
145,69,c6263,2025-05-19 14:12:52,Monday,Afternoon,Impression
146,76,82fce,2025-06-18 13:43:25,Wednesday,Afternoon,Impression
147,195,b97d1,2025-07-21 06:31:42,Monday,Morning,Impression
148,5,add7d,2025-05-25 14:12:43,Sunday,Afternoon,Impression
149,179,10394,2025-06-05 17:36:52,Thursday,Afternoon,Impression
150,74,4472f,2025-05-08 23:38:57,Thursday,Evening,Impression
151,72,953e8,2025-06-07 13:33:06,Saturday,Afternoon,Impression
152,70,95528,2025-08-06 13:34:07,Wednesday,Afternoon,Impression
153,55,8c04a,2025-06-26 10:33:32,Thursday,Morning,Impression
154,194,61c72,2025-07-21 05:25:48,Monday,Night,Impression
155,104,ca46d,2025-06-01 08:28:59,Sunday,Morning,Impression
156,149,1685e,2025-06-03 17:54:51,Tuesday,Afternoon,Impression
157,171,a49ba,2025-05-28 19:49:33,Wednesday,Evening,Click
158,153,bacc9,2025-05-08 18:52:42,Thursday,Evening,Impression
159,187,098a5,2025-05-08 17:41:58,Thursday,Afternoon,Impression
160,31,c0f4b,2025-06-02 17:02:32,Monday,Afternoon,Impression
161,42,5f8d4,2025-05-20 03:24:06,Tuesday,Night,Impression
162,191,6f98f,2025-06-30 03:38:05,Monday,Night,Impression
163,63,b6d9b,2025-06-10 06:42:41,Tuesday,Morning,Click
164,112,a2dbf,2025-07-29 05:32:31,Tuesday,Night,Impression
165,58,6c959,2025-06-11 18:36:44,Wednesday,Evening,Impression
166,36,700ea,2025-06-27 18:28:02,Friday,Evening,Impression
167,30,3f088,2025-07-25 09:11:31,Friday,Morning,Impression
168,113,74801,2025-07-19 11:41:27,Saturday,Morning,Impression
169,143,90a88,2025-05-15 14:18:33,Thursday,Afternoon,Impression
170,181,3de1b,2025-05-30 19:46:26,Friday,Evening,Impression
171,34,b171f,2025-07-13 13:37:34,Sunday,Afternoon,Impression
172,5,40a82,2025-07-26 13:50:45,Saturday,Afternoon,Impression
173,134,88fde,2025-07-22 20:55:53,Tuesday,Evening,Impression
174,165,77571,2025-07-27 07:51:15,Sunday,Morning,Impression
175,164,08f9b,2025-05-21 17:05:33,Wednesday,Afternoon,Impression
176,99,8c993,2025-06-14 11:52:03,Saturday,Morning,Comment
177,17,a1ff1,2025-06-27 10:31:47,Friday,Morning,Click
178,36,129cd,2025-07-24 16:25:51,Thursday,Afternoon,Impression
179,139,79c08,2025-05-26 08:38:35,Monday,Morning,Impression
180,198,0112d,2025-07-18 07:44:40,Friday,Morning,Impression
181,198,6c769,2025-05-16 01:47:52,Friday,Night,Impression
182,122,52462,2025-05-29 00:09:18,Thursday,Night,Impression
183,127,d83b3,2025-05-13 16:00:31,Tuesday,Afternoon,Impression
184,151,24886,2025-07-19 10:24:20,Saturday,Morning,Impression
185,132,2173c,2025-07-07 10:52:19,Monday,Morning,Impression
186,110,baa78,2025-05-27 04:14:50,Tuesday,Night,Impression
187,12,d9280,2025-07-29 02:59:53,Tuesday,Night,Comment
188,69,2e22c,2025-05-21 23:12:13,Wednesday,Evening,Impression
189,113,0276b,2025-07-16 17:39:52,Wednesday,Afternoon,Impression
190,143,ee40a,2025-06-25 05:05:38,Wednesday,Night,Click
191,26,966a1,2025-05-11 07:11:02,Sunday,Morning,Impression
192,49,b195b,2025-07-11 16:32:12,Friday,Afternoon,Impression
193,70,94be6,2025-07-26 00:36:11,Saturday,Night,Impression
194,54,ff060,2025-06-15 18:21:13,Sunday,Evening,Impression
195,113,e53b4,2025-05-18 02:37:00,Sunday,Night,Impression
196,79,70627,2025-06-04 13:59:36,Wednesday,Afternoon,Impression
197,14,34f0b,2025-06-22 14:36:00,Sunday,Afternoon,Impression
198,17,671e8,2025-05-23 23:17:55,Friday,Evening,Impression
199,70,b1ca8,2025-07-05 16:01:25,Saturday,Afternoon,Impression
200,168,3a3bc,2025-05-09 08:37:27,Friday,Morning,Impression
201,105,d049c,2025-07-28 02:39:43,Monday,Night,Impression
202,174,b171f,2025-07-28 05:24:24,Monday,Night,Impression
203,118,fa519,2025-06-04 15:44:58,Wednesday,Afternoon,Click
204,191,e49f1,2025-07-02 20:09:53,Wednesday,Evening,Click
205,24,51b3f,2025-07-16 04:33:31,Wednesday,Night,Impression
206,145,e5f72,2025-06-09 20:36:22,Monday,Evening,Impression
207,186,967a5,2025-06-20 17:45:44,Friday,Afternoon,Impression
208,9,c3f76,2025-06-14 09:09:45,Saturday,Morning,Impression
209,111,9eba1,2025-07-17 04:17:38,Thursday,Night,Impression
210,185,68859,2025-05-08 05:26:54,Thursday,Night,Impression
211,58,de661,2025-08-03 18:02:46,Sunday,Evening,Impression
212,42,8d4bd,2025-06-09 20:26:08,Monday,Evening,Impression
213,37,68684,2025-07-26 13:11:46,Saturday,Afternoon,Impression
214,119,b4e95,2025-06-25 04:45:29,Wednesday,Night,Impression
215,26,38d00,2025-07-30 21:32:49,Wednesday,Evening,Impression
216,143,56cf5,2025-07-09 04:17:28,Wednesday,Night,Like
217,101,b9ff7,2025-07-28 01:15:18,Monday,Night,Impression
218,108,5b4cf,2025-07-14 11:46:36,Monday,Morning,Impression
219,99,0e9ee,2025-07-06 04:47:13,Sunday,Night,Impression
220,74,3ed77,2025-06-18 07:04:51,Wednesday,Morning,Impression
221,46,9a445,2025-06-03 14:04:25,Tuesday,Afternoon,Impression
222,152,a906d,2025-05-16 02:48:33,Friday,Night,Impression
223,178,79b20,2025-05-23 12:33:38,Friday,Afternoon,Impression
224,63,8c582,2025-06-15 21:07:49,Sunday,Evening,Impression
225,173,5e236,2025-05-07 15:03:27,Wednesday,Afternoon,Impression
226,34,4ce12,2025-07-28 04:34:00,Monday,Night,Impression
227,187,e819f,2025-06-13 17:08:49,Friday,Afternoon,Impression
228,1,73d19,2025-07-11 22:34:14,Friday,Evening,Impression
229,186,4dd65,2025-06-24 17:27:09,Tuesday,Afternoon,Impression
230,140,7d3b4,2025-06-29 06:47:17,Sunday,Morning,Impression
231,174,74375,2025-05-17 00:22:15,Saturday,Night,Impression
232,114,3aca5,2025-05-20 18:41:23,Tuesday,Evening,Impression
233,160,bd887,2025-08-01 11:13:21,Friday,Morning,Impression
234,27,6172a,2025-05-20 03:38:57,Tuesday,Night,Click
235,146,956e1,2025-06-25 02:26:00,Wednesday,Night,Impression
236,111,671cd,2025-06-01 00:44:21,Sunday,Night,Impression
237,182,12e01,2025-08-05 17:06:54,Tuesday,Afternoon,Impression
238,34,58e52,2025-07-31 01:44:49,Thursday,Night,Impression
239,98,d433d,2025-07-26 23:22:11,Saturday,Evening,Impression
240,10,7984e,2025-05-25 22:49:02,Sunday,Evening,Impression
241,111,60a52,2025-06-10 05:45:11,Tuesday,Night,Impression
242,42,fdb17,2025-08-03 00:22:47,Sunday,Night,Impression
243,34,d9471,2025-06-10 11:26:11,Tuesday,Morning,Impression
244,4,1f45d,2025-07-21 03:35:22,Monday,Night,Impression
245,11,872b9,2025-05-30 14:30:56,Friday,Afternoon,Impression
246,56,1fa31,2025-06-25 01:48:34,Wednesday,Night,Impression
247,172,ca901,2025-07-26 06:36:29,Saturday,Morning,Impression
248,134,e4e7b,2025-07-01 06:16:19,Tuesday,Morning,Impression
249,92,ab52a,2025-06-15 06:14:48,Sunday,Morning,Impression
250,48,d03dd,2025-06-12 20:06:36,Thursday,Evening,Click
251,169,44ab8,2025-07-30 19:14:01,Wednesday,Evening,Impression
252,106,7bced,2025-05-13 00:30:10,Tuesday,Night,Impression
253,110,b81d2,2025-06-04 16:46:12,Wednesday,Afternoon,Impression
254,183,47824,2025-06-21 04:03:17,Saturday,Night,Impression
255,161,3bc8b,2025-07-22 23:08:17,Tuesday,Evening,Impression
256,146,cf05e,2025-06-25 17:02:54,Wednesday,Afternoon,Impression
257,70,07191,2025-06-10 09:37:25,Tuesday,Morning,Impression
258,121,047ae,2025-05-22 18:36:16,Thursday,Evening,Impression
259,33,4472f,2025-06-28 01:24:06,Saturday,Night,Click
260,148,eed23,2025-07-05 05:15:53,Saturday,Night,Impression
261,69,3e590,2025-08-02 17:48:36,Saturday,Afternoon,Impression
262,31,ca92d,2025-06-04 07:01:03,Wednesday,Morning,Impression
263,170,b632a,2025-07-02 17:20:29,Wednesday,Afternoon,Impression
264,195,c6aa0,2025-05-14 12:22:04,Wednesday,Afternoon,Click
265,82,462dc,2025-05-16 14:34:28,Friday,Afternoon,Impression
266,79,04ff1,2025-06-04 18:44:08,Wednesday,Evening,Impression
267,188,5017c,2025-05-13 07:41:11,Tuesday,Morning,Impression
268,171,dc73b,2025-05-10 15:43:44,Saturday,Afternoon,Impression
269,91,dd99c,2025-06-09 16:14:49,Monday,Afternoon,Impression
270,183,e54e2,2025-07-01 19:33:08,Tuesday,Evening,Impression
271,172,9d1d7,2025-06-24 02:54:24,Tuesday,Night,Share
272,133,54bcd,2025-07-27 23:11:15,Sunday,Evening,Impression
273,64,c7dde,2025-07-29 08:05:47,Tuesday,Morning,Impression
274,66,acdfb,2025-07-01 09:15:27,Tuesday,Morning,Impression
275,190,767a7,2025-07-29 05:17:18,Tuesday,Night,Impression
276,53,c220b,2025-07-31 22:18:49,Thursday,Evening,Impression
277,152,fc0dd,2025-05-26 17:59:08,Monday,Afternoon,Impression
278,109,b6e08,2025-06-20 07:50:51,Friday,Morning,Impression
279,110,fed84,2025-08-01 01:19:26,Friday,Night,Click
280,28,d60c8,2025-06-28 13:23:54,Saturday,Afternoon,Impression
281,110,c4991,2025-07-31 09:40:47,Thursday,Morning,Impression
282,10,6af5a,2025-07-20 07:44:12,Sunday,Morning,Impression
283,84,2a492,2025-08-03 10:33:04,Sunday,Morning,Comment
284,106,0773d,2025-06-28 22:52:53,Saturday,Evening,Click
285,66,013e7,2025-07-17 09:46:59,Thursday,Morning,Click
286,50,de4de,2025-06-22 15:53:56,Sunday,Afternoon,Like
287,63,76654,2025-07-09 23:41:04,Wednesday,Evening,Impression
288,82,b6cc7,2025-05-12 07:26:02,Monday,Morning,Impression
289,67,dad89,2025-05-19 02:28:29,Monday,Night,Click
290,100,7116c,2025-05-09 08:39:04,Friday,Morning,Impression
291,91,052ef,2025-08-04 10:40:32,Monday,Morning,Impression
292,127,2b498,2025-05-31 23:59:56,Saturday,Evening,Impression
293,107,31401,2025-06-23 10:30:07,Monday,Morning,Impression
294,167,55929,2025-07-02 00:19:00,Wednesday,Night,Impression
295,175,7df4f,2025-07-02 01:59:58,Wednesday,Night,Impression
296,135,3c36d,2025-06-08 07:05:52,Sunday,Morning,Impression
297,52,b9a3d,2025-07-21 00:45:24,Monday,Night,Impression
298,166,9b610,2025-06-09 14:16:37,Monday,Afternoon,Impression
299,49,0c9b9,2025-07-08 00:15:48,Tuesday,Night,Click
300,168,205cd,2025-06-23 15:40:36,Monday,Afternoon,Impression
301,196,5520d,2025-07-22 22:03:35,Tuesday,Evening,Impression
302,117,b628f,2025-06-12 06:31:08,Thursday,Morning,Impression
303,13,c6e03,2025-05-24 16:02:43,Saturday,Afternoon,Impression
304,42,54aee,2025-07-29 14:57:40,Tuesday,Afternoon,Share
305,18,31f81,2025-07-04 03:47:21,Friday,Night,Impression
306,78,f15f9,2025-07-27 23:31:45,Sunday,Evening,Impression
307,182,49c5c,2025-06-21 11:32:31,Saturday,Morning,Click
308,27,13a0e,2025-06-26 13:00:50,Thursday,Afternoon,Impression
309,72,5d969,2025-05-20 14:33:10,Tuesday,Afternoon,Impression
310,91,58211,2025-06-20 19:22:33,Friday,Evening,Impression
311,69,47fd3,2025-05-25 03:02:37,Sunday,Night,Impression
312,187,3d974,2025-05-18 02:24:15,Sunday,Night,Impression
313,125,65124,2025-06-27 03:24:12,Friday,Night,Impression
314,14,9a2e0,2025-07-30 12:25:48,Wednesday,Afternoon,Click
315,186,f0b7d,2025-05-11 03:09:27,Sunday,Night,Impression
316,138,94be6,2025-08-01 05:25:09,Friday,Night,Impression
317,86,14b32,2025-07-26 18:56:33,Saturday,Evening,Impression
318,35,01816,2025-07-27 02:40:07,Sunday,Night,Impression
319,85,c6c6b,2025-07-14 01:12:52,Monday,Night,Impression
320,74,96f59,2025-07-26 06:57:05,Saturday,Morning,Impression
321,167,0a19b,2025-05-18 02:11:45,Sunday,Night,Impression
322,30,7ee7f,2025-07-24 08:46:45,Thursday,Morning,Comment
323,114,b6941,2025-07-05 10:17:31,Saturday,Morning,Impression
324,10,47df7,2025-07-30 17:36:55,Wednesday,Afternoon,Impression
325,67,500a1,2025-06-17 08:36:49,Tuesday,Morning,Impression
326,177,0d760,2025-07-02 08:35:43,Wednesday,Morning,Impression
327,10,bb145,2025-06-14 06:08:34,Saturday,Morning,Impression
328,135,1bba9,2025-06-12 07:42:56,Thursday,Morning,Click
329,166,67830,2025-08-04 09:46:26,Monday,Morning,Impression
330,70,7db63,2025-07-30 21:02:34,Wednesday,Evening,Impression
331,103,5a5ee,2025-06-20 05:14:58,Friday,Night,Impression
332,78,0cbc5,2025-06-29 02:04:05,Sunday,Night,Impression
333,14,0c502,2025-05-22 10:54:22,Thursday,Morning,Impression
334,161,b1ea8,2025-07-01 07:10:45,Tuesday,Morning,Impression
335,131,11068,2025-07-01 13:42:04,Tuesday,Afternoon,Impression
336,16,58ccc,2025-05-22 22:45:29,Thursday,Evening,Impression
337,118,3e09f,2025-05-10 06:44:49,Saturday,Morning,Like
338,145,3b825,2025-06-28 20:08:15,Saturday,Evening,Impression
339,80,d9686,2025-06-23 03:52:41,Monday,Night,Click
340,179,62211,2025-05-13 15:32:08,Tuesday,Afternoon,Impression
341,123,155a1,2025-07-23 13:22:42,Wednesday,Afternoon,Impression
342,63,03a5b,2025-06-16 16:47:59,Monday,Afternoon,Impression
343,107,6dad6,2025-07-12 05:31:25,Saturday,Night,Impression
344,23,a717d,2025-07-17 18:33:31,Thursday,Evening,Click
345,57,0978d,2025-06-13 06:07:23,Friday,Morning,Impression
346,79,f9615,2025-05-29 23:27:12,Thursday,Evening,Impression
347,194,935da,2025-07-27 11:33:15,Sunday,Morning,Click
348,31,ae324,2025-07-21 14:26:12,Monday,Afternoon,Impression
349,30,02ad5,2025-05-12 19:26:14,Monday,Evening,Impression
350,63,8a098,2025-05-21 15:51:46,Wednesday,Afternoon,Impression
351,159,78f90,2025-06-25 10:37:46,Wednesday,Morning,Impression
352,102,87a1e,2025-07-10 16:50:20,Thursday,Afternoon,Impression
353,20,fd05e,2025-05-21 04:49:41,Wednesday,Night,Click
354,48,a15a7,2025-06-15 17:58:57,Sunday,Afternoon,Impression
355,46,7e687,2025-06-13 14:15:27,Friday,Afternoon,Click
356,200,52a3b,2025-06-28 03:33:37,Saturday,Night,Impression
357,44,bc3d5,2025-06-04 21:16:11,Wednesday,Evening,Impression
358,16,535ba,2025-07-08 22:00:25,Tuesday,Evening,Impression
359,15,7ff5c,2025-07-29 05:10:42,Tuesday,Night,Impression
360,83,e7c9e,2025-06-17 09:07:02,Tuesday,Morning,Impression
361,70,f8d87,2025-08-03 16:30:08,Sunday,Afternoon,Impression
362,61,9b867,2025-06-29 13:27:00,Sunday,Afternoon,Like
363,42,d7e32,2025-07-25 14:22:06,Friday,Afternoon,Impression
364,100,78970,2025-06-23 00:54:49,Monday,Night,Impression
365,200,02cf5,2025-07-29 07:40:40,Tuesday,Morning,Impression
366,27,4b7b9,2025-06-23 23:12:21,Monday,Evening,Impression
367,138,550fb,2025-07-31 00:55:39,Thursday,Night,Impression
368,23,d6bea,2025-05-17 11:18:41,Saturday,Morning,Impression
369,4,f5a30,2025-06-13 19:25:32,Friday,Evening,Like
370,45,b9bfe,2025-07-05 22:49:18,Saturday,Evening,Impression
371,163,984bf,2025-06-15 06:19:05,Sunday,Morning,Impression
372,53,d7c8f,2025-05-11 05:19:32,Sunday,Night,Impression
373,196,62111,2025-05-14 02:32:33,Wednesday,Night,Impression
374,44,5df1b,2025-07-04 16:36:48,Friday,Afternoon,Impression
375,131,35346,2025-05-30 23:42:13,Friday,Evening,Impression
376,13,0a8ca,2025-06-29 20:18:42,Sunday,Evening,Impression
377,127,d55e2,2025-07-17 02:45:58,Thursday,Night,Impression
378,121,e66d0,2025-05-31 19:14:03,Saturday,Evening,Share
379,39,40992,2025-05-21 05:38:00,Wednesday,Night,Impression
380,31,8baf0,2025-08-01 03:57:05,Friday,Night,Click
381,64,478d5,2025-07-04 06:46:56,Friday,Morning,Impression
382,88,d3bbf,2025-07-27 23:17:51,Sunday,Evening,Impression
383,113,ea2c9,2025-06-24 21:51:30,Tuesday,Evening,Click
384,171,acd77,2025-07-11 18:21:44,Friday,Evening,Impression
385,10,1740b,2025-08-03 05:05:16,Sunday,Night,Impression
386,72,e89ac,2025-05-28 23:45:58,Wednesday,Evening,Impression
387,49,a1835,2025-07-17 16:23:28,Thursday,Afternoon,Impression
388,42,344fb,2025-06-24 13:21:27,Tuesday,Afternoon,Like
389,48,cf5b0,2025-06-15 09:29:37,Sunday,Morning,Impression
390,17,bcf7d,2025-07-02 12:57:07,Wednesday,Afternoon,Impression
391,1,a7530,2025-05-21 08:41:59,Wednesday,Morning,Impression
392,172,f2fa7,2025-06-23 18:49:45,Monday,Evening,Impression
393,122,2b4b6,2025-07-01 03:10:50,Tuesday,Night,Impression
394,8,7241b,2025-07-03 09:41:53,Thursday,Morning,Impression
395,113,fcf9f,2025-05-27 00:29:01,Tuesday,Night,Impression
396,118,d6423,2025-05-11 15:24:02,Sunday,Afternoon,Like
397,59,f940f,2025-07-14 05:31:25,Monday,Night,Impression
398,96,30290,2025-06-16 20:29:03,Monday,Evening,Impression
399,40,1e7fc,2025-06-05 11:32:06,Thursday,Morning,Click
400,111,9d842,2025-08-01 19:38:32,Friday,Evening,Impression
401,128,20254,2025-05-12 20:52:30,Monday,Evening,Click
402,40,755d6,2025-06-08 11:15:50,Sunday,Morning,Impression
403,50,3592f,2025-07-29 08:55:47,Tuesday,Morning,Impression
404,150,54f9e,2025-07-16 12:15:35,Wednesday,Afternoon,Click
405,119,2c5d7,2025-06-22 20:45:01,Sunday,Evening,Click
406,51,4cd36,2025-05-27 16:27:46,Tuesday,Afternoon,Comment
407,107,78f94,2025-07-10 09:58:12,Thursday,Morning,Impression
408,29,2adea,2025-07-09 07:44:43,Wednesday,Morning,Purchase
409,110,6b1d3,2025-07-26 15:00:09,Saturday,Afternoon,Impression
410,81,0b07a,2025-05-27 11:36:49,Tuesday,Morning,Impression
411,154,529a3,2025-05-08 19:35:21,Thursday,Evening,Impression
412,9,05f1d,2025-05-21 18:53:26,Wednesday,Evening,Impression
413,196,d03dd,2025-05-10 16:36:06,Saturday,Afternoon,Impression
414,31,29d1d,2025-05-18 14:18:47,Sunday,Afternoon,Impression
415,122,19a31,2025-05-27 09:52:28,Tuesday,Morning,Impression
416,8,de6e6,2025-05-18 23:39:14,Sunday,Evening,Impression
417,97,dcb84,2025-07-05 16:48:49,Saturday,Afternoon,Impression
418,178,a63d7,2025-06-28 04:16:05,Saturday,Night,Impression
419,126,9f706,2025-06-29 21:08:06,Sunday,Evening,Impression
420,177,f18e0,2025-07-27 20:09:50,Sunday,Evening,Impression
421,67,8a9f6,2025-06-06 01:41:06,Friday,Night,Click
422,170,5e657,2025-06-12 00:30:20,Thursday,Night,Impression
423,14,5fea0,2025-06-20 06:52:13,Friday,Morning,Impression
424,176,98708,2025-07-13 12:59:04,Sunday,Afternoon,Impression
425,31,a2a93,2025-05-17 22:40:09,Saturday,Evening,Impression
426,33,17e51,2025-05-20 01:51:13,Tuesday,Night,Impression
427,37,06090,2025-06-05 17:32:10,Thursday,Afternoon,Impression
428,113,1b7fb,2025-06-12 20:06:57,Thursday,Evening,Impression
429,152,c2467,2025-07-27 05:43:36,Sunday,Night,Impression
430,171,66a4f,2025-05-19 10:53:29,Monday,Morning,Impression
431,179,8f307,2025-06-17 19:17:52,Tuesday,Evening,Impression
432,49,b41fd,2025-06-19 16:57:17,Thursday,Afternoon,Impression
433,191,64f3b,2025-07-11 03:50:18,Friday,Night,Impression
434,114,aab7c,2025-07-24 04:42:48,Thursday,Night,Impression
435,53,55830,2025-07-25 21:38:25,Friday,Evening,Impression
436,61,06560,2025-07-26 03:26:42,Saturday,Night,Impression
437,197,99bb8,2025-07-17 11:01:12,Thursday,Morning,Comment
438,131,3f18e,2025-06-10 14:11:43,Tuesday,Afternoon,Impression
439,98,4f66a,2025-05-29 13:20:46,Thursday,Afternoon,Impression
440,61,aa138,2025-07-18 01:04:49,Friday,Night,Impression
441,187,775b5,2025-06-12 09:42:21,Thursday,Morning,Impression
442,32,4def8,2025-07-16 00:34:52,Wednesday,Night,Impression
443,95,4146a,2025-07-20 20:01:30,Sunday,Evening,Impression
444,71,e584e,2025-07-29 19:06:23,Tuesday,Evening,Impression
445,188,c1b12,2025-05-16 01:46:27,Friday,Night,Impression
446,180,ec353,2025-06-28 20:42:57,Saturday,Evening,Impression
447,178,f6fae,2025-07-31 18:06:18,Thursday,Evening,Impression
448,158,6d61b,2025-05-13 00:50:17,Tuesday,Night,Impression
449,19,a4b97,2025-06-23 01:49:56,Monday,Night,Impression
450,33,3f088,2025-05-08 03:10:37,Thursday,Night,Impression
451,163,f75f8,2025-08-01 15:16:15,Friday,Afternoon,Impression
452,78,71581,2025-06-11 22:59:39,Wednesday,Evening,Impression
453,74,3ad3a,2025-08-01 05:13:29,Friday,Night,Impression
454,72,4a180,2025-05-24 20:11:02,Saturday,Evening,Click
455,94,b6bb6,2025-07-06 07:17:24,Sunday,Morning,Impression
456,53,deff1,2025-07-21 07:36:30,Monday,Morning,Impression
457,108,28fa0,2025-07-30 06:05:25,Wednesday,Morning,Impression
458,8,1fae5,2025-06-20 18:11:37,Friday,Evening,Impression
459,14,319c1,2025-07-11 02:09:41,Friday,Night,Click
460,105,45bbb,2025-07-12 11:02:00,Saturday,Morning,Impression
461,182,e888c,2025-06-04 22:32:21,Wednesday,Evening,Impression
462,172,1c463,2025-07-17 08:48:35,Thursday,Morning,Impression
463,52,3d18c,2025-05-28 04:44:53,Wednesday,Night,Impression
464,6,88534,2025-06-10 14:52:06,Tuesday,Afternoon,Impression
465,184,2b4dc,2025-05-21 14:24:08,Wednesday,Afternoon,Impression
466,149,fae09,2025-07-25 14:48:52,Friday,Afternoon,Impression
467,128,405bc,2025-06-03 12:23:42,Tuesday,Afternoon,Impression
468,172,15f7b,2025-06-12 04:55:37,Thursday,Night,Impression
469,189,823dc,2025-05-28 13:11:30,Wednesday,Afternoon,Impression
470,10,96cc3,2025-06-21 09:42:36,Saturday,Morning,Comment
471,140,2dfe8,2025-05-10 10:07:18,Saturday,Morning,Impression
472,160,6a612,2025-08-02 07:26:34,Saturday,Morning,Impression
473,74,95bc1,2025-07-10 18:30:52,Thursday,Evening,Click
474,188,c8969,2025-05-18 04:15:12,Sunday,Night,Impression
475,26,0b854,2025-07-17 13:31:00,Thursday,Afternoon,Click
476,2,1f47b,2025-06-18 11:24:00,Wednesday,Morning,Impression
477,98,0486f,2025-06-15 02:16:15,Sunday,Night,Impression
478,200,09e63,2025-07-19 22:03:10,Saturday,Evening,Impression
479,58,b2bce,2025-05-15 03:51:52,Thursday,Night,Impression
480,193,f7778,2025-07-08 20:11:55,Tuesday,Evening,Impression
481,188,8a878,2025-06-01 23:25:56,Sunday,Evening,Impression
482,147,65efa,2025-05-21 12:05:49,Wednesday,Afternoon,Impression
483,197,e2d4b,2025-05-24 00:23:41,Saturday,Night,Impression
484,71,d1168,2025-07-25 03:06:28,Friday,Night,Impression
485,191,e07fb,2025-05-18 09:21:47,Sunday,Morning,Impression
486,92,060e8,2025-07-27 20:35:15,Sunday,Evening,Impression
487,20,f437d,2025-05-19 01:35:50,Monday,Night,Impression
488,121,b2aac,2025-07-03 17:12:43,Thursday,Afternoon,Impression
489,100,ff64f,2025-05-12 11:47:26,Monday,Morning,Impression
490,170,849c8,2025-05-16 03:08:14,Friday,Night,Impression
491,1,ca484,2025-06-26 14:32:05,Thursday,Afternoon,Impression
492,58,c7548,2025-07-07 07:57:44,Monday,Morning,Impression
493,78,6afbf,2025-05-18 07:34:07,Sunday,Morning,Impression
494,73,ab7c0,2025-05-18 17:46:36,Sunday,Afternoon,Impression
495,184,3d440,2025-06-21 11:44:18,Saturday,Morning,Impression
496,41,e3c82,2025-07-21 17:38:56,Monday,Afternoon,Impression
497,188,7746c,2025-05-12 01:17:43,Monday,Night,Impression
498,103,8df55,2025-06-06 12:54:28,Friday,Afternoon,Click
499,149,d0820,2025-07-25 18:32:45,Friday,Evening,Impression
500,106,dc546,2025-07-31 07:29:18,Thursday,Morning,Impression
501,10,b6c5c,2025-07-01 21:54:56,Tuesday,Evening,Impression
502,81,0b522,2025-05-21 04:58:35,Wednesday,Night,Impression
503,22,e2850,2025-07-25 20:05:08,Friday,Evening,Click
504,50,0f61f,2025-05-09 06:38:22,Friday,Morning,Impression
505,14,e33d8,2025-06-11 02:28:42,Wednesday,Night,Impression
506,53,4af66,2025-05-19 02:19:51,Monday,Night,Click
507,122,522f6,2025-07-25 11:41:39,Friday,Morning,Impression
508,102,37c50,2025-05-14 22:48:02,Wednesday,Evening,Impression
509,151,5e2c3,2025-06-25 06:24:28,Wednesday,Morning,Impression
510,83,6c578,2025-07-28 12:36:36,Monday,Afternoon,Impression
511,158,c983a,2025-08-05 11:23:01,Tuesday,Morning,Impression
512,108,78291,2025-05-10 14:24:17,Saturday,Afternoon,Impression
513,114,c44e0,2025-06-11 07:51:04,Wednesday,Morning,Impression
514,87,c0af1,2025-05-09 13:56:23,Friday,Afternoon,Impression
515,70,88666,2025-08-01 21:07:23,Friday,Evening,Impression
516,105,7d306,2025-07-19 07:26:54,Saturday,Morning,Like
517,41,76b76,2025-07-21 07:42:54,Monday,Morning,Impression
518,23,c598a,2025-07-28 21:32:24,Monday,Evening,Impression
519,72,d53da,2025-06-02 00:02:42,Monday,Night,Impression
520,38,faab0,2025-07-11 04:20:35,Friday,Night,Click
521,148,ed304,2025-07-24 21:54:05,Thursday,Evening,Impression
522,187,2693c,2025-07-05 23:21:43,Saturday,Evening,Impression
523,154,5cb01,2025-05-14 22:33:42,Wednesday,Evening,Impression
524,128,56a20,2025-08-02 01:16:17,Saturday,Night,Impression
525,197,8107f,2025-06-10 17:58:13,Tuesday,Afternoon,Impression
526,188,254b2,2025-06-04 22:16:57,Wednesday,Evening,Impression
527,121,7286a,2025-05-22 13:22:58,Thursday,Afternoon,Impression
528,11,5340f,2025-05-25 21:19:17,Sunday,Evening,Click
529,142,745b2,2025-07-19 03:27:46,Saturday,Night,Impression
530,69,cc657,2025-07-27 00:55:33,Sunday,Night,Impression
531,137,b849a,2025-05-23 08:28:27,Friday,Morning,Impression
532,135,614dd,2025-07-10 15:20:10,Thursday,Afternoon,Impression
533,119,e819f,2025-06-09 08:10:43,Monday,Morning,Impression
534,131,ae011,2025-07-06 20:26:51,Sunday,Evening,Impression
535,45,b56a7,2025-08-03 13:39:37,Sunday,Afternoon,Like
536,195,d5fdb,2025-07-04 07:41:40,Friday,Morning,Click
537,129,d96cc,2025-07-31 04:11:30,Thursday,Night,Impression
538,98,80ff3,2025-06-11 17:30:18,Wednesday,Afternoon,Impression
539,47,aa50a,2025-07-21 12:52:21,Monday,Afternoon,Impression
540,4,e6eae,2025-05-15 23:01:25,Thursday,Evening,Click
541,114,ff18f,2025-06-30 01:58:44,Monday,Night,Impression
542,114,ca843,2025-05-27 16:20:24,Tuesday,Afternoon,Impression
543,70,716f2,2025-07-06 08:26:30,Sunday,Morning,Impression
544,157,41ab8,2025-06-20 07:29:47,Friday,Morning,Impression
545,139,16830,2025-07-20 18:31:23,Sunday,Evening,Impression
546,146,da640,2025-05-28 07:27:23,Wednesday,Morning,Impression
547,88,da42e,2025-05-22 03:40:18,Thursday,Night,Impression
548,163,d652c,2025-06-01 04:44:58,Sunday,Night,Impression
549,42,6f065,2025-05-25 21:57:39,Sunday,Evening,Impression
550,106,e7827,2025-07-30 12:25:05,Wednesday,Afternoon,Impression
551,32,227cd,2025-07-14 16:21:35,Monday,Afternoon,Impression
552,137,6a650,2025-07-21 23:16:57,Monday,Evening,Impression
553,20,79c08,2025-05-09 12:05:35,Friday,Afternoon,Click
554,136,1c5b3,2025-05-16 02:24:38,Friday,Night,Impression
555,124,f1f47,2025-05-29 14:45:00,Thursday,Afternoon,Impression
556,51,79062,2025-07-04 18:53:37,Friday,Evening,Impression
557,16,4f986,2025-06-23 08:21:39,Monday,Morning,Impression
558,197,d6907,2025-05-16 03:09:43,Friday,Night,Impression
559,18,e33d8,2025-06-11 05:53:14,Wednesday,Night,Impression
560,26,168cf,2025-07-18 04:26:28,Friday,Night,Click
561,22,f48d1,2025-07-25 19:28:03,Friday,Evening,Impression
562,179,dc8f8,2025-07-26 05:53:52,Saturday,Night,Purchase
563,181,aa625,2025-07-05 22:53:39,Saturday,Evening,Impression
564,64,253c7,2025-05-15 03:44:28,Thursday,Night,Impression
565,20,ebd7b,2025-06-23 11:10:53,Monday,Morning,Click
566,109,9f4fb,2025-07-21 09:11:09,Monday,Morning,Impression
567,15,f8a5a,2025-05-12 07:37:34,Monday,Morning,Impression
568,158,46188,2025-05-23 02:09:54,Friday,Night,Impression
569,142,5a705,2025-06-30 01:26:55,Monday,Night,Like
570,177,706df,2025-07-09 06:54:10,Wednesday,Morning,Impression
571,146,ef308,2025-07-20 22:29:08,Sunday,Evening,Impression
572,1,8c871,2025-05-19 05:44:09,Monday,Night,Impression
573,161,09194,2025-05-07 23:39:30,Wednesday,Evening,Impression
574,137,54622,2025-06-10 09:51:53,Tuesday,Morning,Click
575,63,26910,2025-07-11 11:50:18,Friday,Morning,Click
576,70,4ee79,2025-06-23 19:40:39,Monday,Evening,Impression
577,82,01320,2025-05-27 12:43:02,Tuesday,Afternoon,Impression
578,23,4c814,2025-06-21 02:00:02,Saturday,Night,Impression
579,36,26910,2025-05-30 01:24:45,Friday,Night,Impression
580,90,87077,2025-06-07 01:52:37,Saturday,Night,Impression
581,108,4ff04,2025-06-26 13:20:40,Thursday,Afternoon,Impression
582,164,d2126,2025-08-02 20:59:17,Saturday,Evening,Click
583,25,f4e8d,2025-05-10 18:38:51,Saturday,Evening,Impression
584,87,f1024,2025-06-06 18:18:04,Friday,Evening,Impression
585,137,e53ee,2025-05-17 23:59:57,Saturday,Evening,Impression
586,26,7dc7b,2025-08-05 00:38:55,Tuesday,Night,Impression
587,68,87677,2025-06-20 05:20:09,Friday,Night,Impression
588,99,d02a2,2025-06-05 00:47:33,Thursday,Night,Share
589,46,a2677,2025-05-13 20:46:19,Tuesday,Evening,Impression
590,141,c7e1d,2025-06-08 02:45:32,Sunday,Night,Impression
591,29,fe900,2025-06-09 00:17:08,Monday,Night,Impression
592,60,9fbcc,2025-07-29 00:07:28,Tuesday,Night,Impression
593,161,e6886,2025-08-02 13:05:36,Saturday,Afternoon,Impression
594,125,b9ff7,2025-05-27 18:31:20,Tuesday,Evening,Impression
595,148,6f4fe,2025-06-11 10:57:14,Wednesday,Morning,Comment
596,135,957b0,2025-07-13 20:09:28,Sunday,Evening,Impression
597,92,f0ed0,2025-07-20 15:36:30,Sunday,Afternoon,Impression
598,181,aab7c,2025-06-13 11:23:12,Friday,Morning,Impression
599,10,0f29e,2025-05-11 16:56:06,Sunday,Afternoon,Impression
600,176,03454,2025-07-21 16:15:30,Monday,Afternoon,Impression
601,102,03454,2025-05-28 21:19:51,Wednesday,Evening,Impression
602,1,dc041,2025-05-27 18:35:06,Tuesday,Evening,Impression
603,85,a050d,2025-06-02 22:50:41,Monday,Evening,Impression
604,87,b6a7d,2025-07-05 09:32:46,Saturday,Morning,Impression
605,188,7fb73,2025-07-16 08:06:07,Wednesday,Morning,Impression
606,7,5de70,2025-07-22 23:09:10,Tuesday,Evening,Impression
607,195,a49ba,2025-06-14 15:45:08,Saturday,Afternoon,Impression
608,28,b0580,2025-07-03 13:56:47,Thursday,Afternoon,Impression
609,26,edfbd,2025-06-22 16:34:03,Sunday,Afternoon,Impression
610,49,1fa53,2025-06-26 09:25:37,Thursday,Morning,Impression
611,41,9e8a6,2025-05-08 19:55:21,Thursday,Evening,Impression
612,12,9ced6,2025-07-26 16:20:39,Saturday,Afternoon,Impression
613,139,8667d,2025-06-25 14:13:03,Wednesday,Afternoon,Click
614,70,0722b,2025-07-24 11:11:03,Thursday,Morning,Impression
615,47,297bb,2025-06-27 07:57:38,Friday,Morning,Impression
616,31,68fae,2025-05-11 18:42:10,Sunday,Evening,Impression
617,87,9a5ed,2025-05-20 22:56:14,Tuesday,Evening,Click
618,55,f169e,2025-07-20 01:56:56,Sunday,Night,Impression
619,151,5f319,2025-05-17 11:34:11,Saturday,Morning,Impression
620,39,bc921,2025-05-25 04:49:13,Sunday,Night,Impression
621,171,abde9,2025-05-27 13:16:56,Tuesday,Afternoon,Impression
622,163,30d2f,2025-07-25 19:15:35,Friday,Evening,Click
623,78,b58a9,2025-06-09 23:54:55,Monday,Evening,Impression
624,99,b5ce4,2025-07-08 15:16:13,Tuesday,Afternoon,Comment
625,152,e24c9,2025-06-05 12:29:20,Thursday,Afternoon,Click
626,86,fe2dd,2025-07-18 23:10:16,Friday,Evening,Impression
627,41,b0b7d,2025-06-06 04:48:03,Friday,Night,Impression
628,87,967cf,2025-05-24 12:56:20,Saturday,Afternoon,Impression
629,33,d9686,2025-07-06 17:16:58,Sunday,Afternoon,Impression
630,134,7f1ef,2025-07-22 06:39:49,Tuesday,Morning,Like
631,13,f1024,2025-07-06 16:55:03,Sunday,Afternoon,Impression
632,115,f8d87,2025-06-23 00:12:56,Monday,Night,Impression
633,125,eed1c,2025-06-22 16:06:54,Sunday,Afternoon,Impression
634,109,67f2d,2025-07-07 07:09:11,Monday,Morning,Impression
635,16,136e9,2025-05-30 10:41:23,Friday,Morning,Impression
636,48,6ef4f,2025-06-29 00:36:35,Sunday,Night,Impression
637,158,16cc4,2025-07-12 08:51:39,Saturday,Morning,Impression
638,191,9d1d7,2025-07-27 06:15:07,Sunday,Morning,Impression
639,116,c5453,2025-06-14 17:40:49,Saturday,Afternoon,Impression
640,99,a2524,2025-06-16 01:56:37,Monday,Night,Impression
641,179,9cb8e,2025-05-28 09:19:22,Wednesday,Morning,Impression
642,149,6bccc,2025-05-08 11:55:27,Thursday,Morning,Impression
643,58,57541,2025-06-19 19:52:41,Thursday,Evening,Impression
644,117,2de16,2025-06-20 05:01:53,Friday,Night,Impression
645,166,59b7d,2025-08-03 05:19:56,Sunday,Night,Impression
646,80,18604,2025-08-06 00:12:25,Wednesday,Night,Impression
647,143,f9d7d,2025-08-02 02:46:24,Saturday,Night,Impression
648,141,a11a3,2025-06-20 23:20:49,Friday,Evening,Impression
649,153,c826e,2025-06-17 21:28:58,Tuesday,Evening,Impression
650,53,20305,2025-07-23 05:30:15,Wednesday,Night,Impression
651,89,bd39f,2025-06-21 20:47:55,Saturday,Evening,Impression
652,50,12348,2025-05-27 13:20:57,Tuesday,Afternoon,Impression
653,148,67b15,2025-07-23 01:30:16,Wednesday,Night,Impression
654,44,cf625,2025-06-03 04:00:24,Tuesday,Night,Impression
655,32,556c8,2025-05-18 03:58:34,Sunday,Night,Impression
656,165,8a098,2025-06-15 15:31:03,Sunday,Afternoon,Impression
657,7,bc018,2025-05-14 13:51:08,Wednesday,Afternoon,Impression
658,60,521ca,2025-08-02 23:15:39,Saturday,Evening,Impression
659,178,9cb8e,2025-07-06 04:14:52,Sunday,Night,Impression
660,102,13988,2025-06-24 20:57:23,Tuesday,Evening,Click
661,155,6534d,2025-06-14 22:33:19,Saturday,Evening,Impression
662,128,8c74e,2025-05-22 13:48:38,Thursday,Afternoon,Impression
663,154,b698d,2025-07-14 20:44:11,Monday,Evening,Impression
664,148,4ecc6,2025-06-24 23:44:52,Tuesday,Evening,Impression
665,187,ec0e3,2025-07-15 11:23:40,Tuesday,Morning,Impression
666,97,37d3c,2025-06-12 15:53:25,Thursday,Afternoon,Impression
667,64,6295a,2025-06-12 04:05:01,Thursday,Night,Impression
668,44,32027,2025-06-19 03:25:40,Thursday,Night,Impression
669,23,1ec13,2025-05-29 07:03:36,Thursday,Morning,Impression
670,56,679c2,2025-07-17 04:26:00,Thursday,Night,Impression
671,76,d2945,2025-07-21 08:27:34,Monday,Morning,Impression
672,5,17181,2025-07-02 04:10:03,Wednesday,Night,Impression
673,193,be496,2025-07-14 19:11:17,Monday,Evening,Impression
674,60,f5fa5,2025-08-04 04:18:00,Monday,Night,Impression
675,40,ddb77,2025-05-14 08:28:17,Wednesday,Morning,Impression
676,78,a4d76,2025-07-18 12:01:40,Friday,Afternoon,Impression
677,37,6eed7,2025-07-18 14:27:13,Friday,Afternoon,Impression
678,151,18137,2025-07-20 22:52:51,Sunday,Evening,Impression
679,21,8359f,2025-06-29 11:20:11,Sunday,Morning,Impression
680,33,48a86,2025-05-30 03:58:07,Friday,Night,Impression
681,106,160f9,2025-06-02 18:01:14,Monday,Evening,Click
682,40,2e18e,2025-05-18 05:23:09,Sunday,Night,Impression
683,51,f9875,2025-08-03 17:50:50,Sunday,Afternoon,Like
684,42,eed1c,2025-06-29 22:31:07,Sunday,Evening,Impression
685,99,1a738,2025-07-13 09:03:00,Sunday,Morning,Click
686,62,1a414,2025-07-16 08:47:33,Wednesday,Morning,Impression
687,146,9145b,2025-06-29 07:30:55,Sunday,Morning,Impression
688,26,35370,2025-06-22 09:49:32,Sunday,Morning,Impression
689,78,4216a,2025-06-03 14:56:15,Tuesday,Afternoon,Click
690,188,f97fd,2025-06-13 13:33:47,Friday,Afternoon,Impression
691,111,9027c,2025-06-08 00:44:56,Sunday,Night,Click
692,159,d915e,2025-06-06 00:33:16,Friday,Night,Impression
693,172,de4d9,2025-06-03 20:40:54,Tuesday,Evening,Impression
694,166,8321e,2025-07-09 08:42:58,Wednesday,Morning,Impression
695,2,cbfb9,2025-07-18 15:00:30,Friday,Afternoon,Impression
696,156,f80ad,2025-06-03 16:28:58,Tuesday,Afternoon,Impression
697,58,8ddb8,2025-07-27 19:51:52,Sunday,Evening,Impression
698,115,0e1a7,2025-07-27 15:34:28,Sunday,Afternoon,Click
699,35,62675,2025-07-09 17:52:45,Wednesday,Afternoon,Impression
700,190,367b8,2025-05-20 08:13:56,Tuesday,Morning,Click
701,190,69788,2025-05-27 02:58:51,Tuesday,Night,Impression
702,148,6c2ce,2025-05-12 23:03:11,Monday,Evening,Impression
703,190,5d03e,2025-08-04 16:02:45,Monday,Afternoon,Impression
704,67,ce514,2025-06-16 14:15:59,Monday,Afternoon,Click
705,113,70cf4,2025-08-05 01:44:36,Tuesday,Night,Impression
706,122,8f225,2025-07-13 03:58:49,Sunday,Night,Click
707,33,7ff4d,2025-08-05 11:34:40,Tuesday,Morning,Click
708,163,e2e70,2025-06-14 19:05:48,Saturday,Evening,Impression
709,169,6fada,2025-07-21 01:04:39,Monday,Night,Impression
710,44,7ff18,2025-07-20 06:54:26,Sunday,Morning,Impression
711,180,b1d40,2025-07-05 00:37:46,Saturday,Night,Impression
712,195,6e86c,2025-05-29 04:20:33,Thursday,Night,Impression
713,40,c78d3,2025-07-12 07:28:35,Saturday,Morning,Comment
714,36,726f1,2025-05-15 19:08:05,Thursday,Evening,Impression
715,102,123b4,2025-06-24 18:05:13,Tuesday,Evening,Impression
716,186,9a380,2025-05-28 01:49:35,Wednesday,Night,Impression
717,131,ff64f,2025-07-07 17:02:12,Monday,Afternoon,Impression
718,17,25b61,2025-06-04 21:03:58,Wednesday,Evening,Impression
719,102,8c7a4,2025-05-19 15:28:18,Monday,Afternoon,Impression
720,83,4d51a,2025-07-29 08:35:20,Tuesday,Morning,Impression
721,192,f4957,2025-07-06 15:15:36,Sunday,Afternoon,Impression
722,99,7116c,2025-06-11 15:24:15,Wednesday,Afternoon,Click
723,195,f6ffd,2025-05-27 21:52:11,Tuesday,Evening,Impression
724,148,b7e30,2025-07-05 10:53:47,Saturday,Morning,Impression
725,167,ed73b,2025-05-25 10:59:57,Sunday,Morning,Impression
726,108,c0d9e,2025-07-23 04:41:33,Wednesday,Night,Impression
727,58,18604,2025-07-04 14:03:59,Friday,Afternoon,Impression
728,25,5f570,2025-07-13 10:41:05,Sunday,Morning,Impression
729,171,401b2,2025-05-22 09:46:49,Thursday,Morning,Impression
730,104,f971d,2025-06-27 03:01:31,Friday,Night,Impression
731,108,c18cf,2025-05-13 04:15:07,Tuesday,Night,Impression
732,102,d0be5,2025-07-22 22:00:03,Tuesday,Evening,Impression
733,88,8614d,2025-06-25 00:13:10,Wednesday,Night,Click
734,76,5e6a8,2025-05-17 14:10:49,Saturday,Afternoon,Click
735,150,c3793,2025-05-30 23:08:26,Friday,Evening,Impression
736,132,3ae41,2025-07-02 08:17:05,Wednesday,Morning,Click
737,175,ba371,2025-07-23 11:13:17,Wednesday,Morning,Impression
738,118,31951,2025-06-02 07:31:49,Monday,Morning,Impression
739,7,fd88b,2025-06-17 17:54:50,Tuesday,Afternoon,Impression
740,104,99b58,2025-05-27 06:25:18,Tuesday,Morning,Impression
741,130,5043f,2025-05-24 12:41:20,Saturday,Afternoon,Impression
742,189,4198e,2025-08-06 04:57:44,Wednesday,Night,Impression
743,136,dc3ef,2025-07-29 01:15:43,Tuesday,Night,Impression
744,81,01029,2025-07-03 00:07:44,Thursday,Night,Impression
745,127,61011,2025-05-28 20:30:49,Wednesday,Evening,Impression
746,162,5e604,2025-05-25 12:15:26,Sunday,Afternoon,Impression
747,50,a2388,2025-06-15 04:15:01,Sunday,Night,Impression
748,86,25089,2025-08-05 18:21:55,Tuesday,Evening,Impression
749,3,46829,2025-05-17 00:46:37,Saturday,Night,Impression
750,149,29134,2025-07-01 16:56:52,Tuesday,Afternoon,Impression
751,103,e40fd,2025-05-14 23:42:06,Wednesday,Evening,Impression
752,91,5b7e9,2025-06-27 07:20:57,Friday,Morning,Impression
753,183,45fde,2025-05-27 06:38:07,Tuesday,Morning,Impression
754,185,6dffa,2025-05-08 13:24:11,Thursday,Afternoon,Impression
755,81,b602f,2025-07-04 09:36:47,Friday,Morning,Impression
756,107,c7bd1,2025-06-07 15:48:09,Saturday,Afternoon,Impression
757,82,082cc,2025-06-02 23:29:35,Monday,Evening,Impression
758,38,511cb,2025-06-15 08:21:42,Sunday,Morning,Impression
759,90,46431,2025-06-25 06:31:13,Wednesday,Morning,Impression
760,7,ab7c0,2025-07-22 12:44:01,Tuesday,Afternoon,Impression
761,178,03024,2025-06-06 13:27:38,Friday,Afternoon,Impression
762,80,35b3d,2025-06-12 22:39:11,Thursday,Evening,Impression
763,13,b545a,2025-07-28 09:39:24,Monday,Morning,Click
764,89,2c3f3,2025-07-08 03:19:55,Tuesday,Night,Like
765,17,f3c61,2025-08-04 02:27:46,Monday,Night,Click
766,144,1c5b3,2025-05-23 01:06:48,Friday,Night,Impression
767,68,01863,2025-05-22 17:23:12,Thursday,Afternoon,Impression
768,48,7cd39,2025-07-16 17:04:26,Wednesday,Afternoon,Impression
769,17,fef50,2025-07-24 19:22:48,Thursday,Evening,Impression
770,178,ee36e,2025-05-16 18:55:01,Friday,Evening,Impression
771,200,1e371,2025-05-26 22:52:35,Monday,Evening,Impression
772,117,bedcd,2025-06-20 01:43:22,Friday,Night,Impression
773,192,143ff,2025-07-24 18:39:53,Thursday,Evening,Impression
774,40,0f758,2025-07-24 13:07:29,Thursday,Afternoon,Impression
775,29,2f0bb,2025-06-17 19:07:49,Tuesday,Evening,Click
776,132,50a6c,2025-06-12 09:43:11,Thursday,Morning,Impression
777,47,68e46,2025-05-11 12:29:29,Sunday,Afternoon,Impression
778,71,678ba,2025-08-06 09:30:19,Wednesday,Morning,Click
779,125,bba5b,2025-05-20 05:15:47,Tuesday,Night,Impression
780,28,b63e9,2025-06-01 10:07:42,Sunday,Morning,Impression
781,67,d25c3,2025-06-10 16:03:24,Tuesday,Afternoon,Impression
782,42,5d16d,2025-08-06 12:50:45,Wednesday,Afternoon,Comment
783,200,2c654,2025-07-24 20:04:48,Thursday,Evening,Impression
784,21,129da,2025-05-14 05:29:56,Wednesday,Night,Click
785,136,bea69,2025-05-14 17:54:35,Wednesday,Afternoon,Like
786,184,71d0e,2025-06-12 12:57:15,Thursday,Afternoon,Click
787,114,8aabe,2025-07-01 17:32:57,Tuesday,Afternoon,Impression
788,80,8a9f6,2025-07-24 17:24:01,Thursday,Afternoon,Impression
789,75,f2b99,2025-06-17 10:47:45,Tuesday,Morning,Impression
790,71,50d58,2025-05-29 00:38:25,Thursday,Night,Impression
791,95,207d2,2025-07-07 15:08:48,Monday,Afternoon,Click
792,191,70397,2025-07-09 19:45:48,Wednesday,Evening,Impression
793,91,f324c,2025-05-09 00:57:42,Friday,Night,Impression
794,143,afc17,2025-07-01 22:26:45,Tuesday,Evening,Impression
795,67,56c03,2025-07-14 16:55:20,Monday,Afternoon,Impression
796,134,22cb8,2025-05-11 16:57:56,Sunday,Afternoon,Impression
797,132,c736a,2025-05-23 22:16:56,Friday,Evening,Impression
798,152,33920,2025-07-13 20:38:45,Sunday,Evening,Impression
799,1,be913,2025-05-26 23:34:36,Monday,Evening,Impression
800,111,67dc4,2025-06-22 08:28:08,Sunday,Morning,Impression
801,115,02cf5,2025-08-03 18:44:49,Sunday,Evening,Impression
802,174,f185e,2025-06-13 06:31:34,Friday,Morning,Impression
803,99,8a352,2025-06-03 09:52:04,Tuesday,Morning,Impression
804,120,513f1,2025-05-20 16:44:08,Tuesday,Afternoon,Impression
805,189,c5947,2025-07-22 15:34:26,Tuesday,Afternoon,Impression
806,109,01da6,2025-05-22 14:27:15,Thursday,Afternoon,Impression
807,134,b111f,2025-05-22 04:39:34,Thursday,Night,Impression
808,113,f35e1,2025-07-23 21:27:04,Wednesday,Evening,Impression
809,4,44b7d,2025-07-23 12:18:02,Wednesday,Afternoon,Click
810,1,84f7e,2025-06-09 16:47:17,Monday,Afternoon,Impression
811,41,1a3b6,2025-05-08 00:47:38,Thursday,Night,Impression
812,174,aa420,2025-06-23 11:21:13,Monday,Morning,Click
813,77,6e400,2025-07-14 09:02:23,Monday,Morning,Impression
814,15,c33c3,2025-06-12 20:16:35,Thursday,Evening,Impression
815,127,083d0,2025-07-06 19:50:04,Sunday,Evening,Impression
816,1,13928,2025-05-08 10:32:54,Thursday,Morning,Click
817,84,43f91,2025-05-29 00:35:34,Thursday,Night,Impression
818,112,4a649,2025-07-28 06:57:58,Monday,Morning,Impression
819,63,67b50,2025-07-16 11:23:10,Wednesday,Morning,Impression
820,130,fbef7,2025-06-08 05:54:49,Sunday,Night,Impression
821,112,32780,2025-06-19 00:31:37,Thursday,Night,Impression
822,71,0e21c,2025-06-03 04:05:02,Tuesday,Night,Impression
823,172,05055,2025-06-03 13:58:12,Tuesday,Afternoon,Impression
824,29,7318f,2025-06-23 08:50:51,Monday,Morning,Impression
825,122,b4c88,2025-05-25 01:02:55,Sunday,Night,Click
826,196,3984d,2025-06-13 03:42:39,Friday,Night,Impression
827,6,31f81,2025-05-30 18:05:06,Friday,Evening,Impression
828,182,5fd5d,2025-06-06 10:02:12,Friday,Morning,Impression
829,5,b2c1d,2025-07-09 04:51:07,Wednesday,Night,Click
830,169,4d4de,2025-07-09 13:26:49,Wednesday,Afternoon,Impression
831,84,d77d6,2025-07-06 04:27:30,Sunday,Night,Impression
832,80,922d4,2025-06-27 10:56:12,Friday,Morning,Impression
833,2,0cbef,2025-08-03 23:35:11,Sunday,Evening,Impression
834,75,275d1,2025-05-10 18:24:26,Saturday,Evening,Impression
835,77,8b0f9,2025-06-24 02:49:27,Tuesday,Night,Impression
836,8,5003b,2025-06-27 11:38:07,Friday,Morning,Impression
837,56,ffd56,2025-07-31 11:50:44,Thursday,Morning,Impression
838,130,de2b0,2025-07-19 12:47:01,Saturday,Afternoon,Comment
839,143,f460a,2025-07-27 12:25:27,Sunday,Afternoon,Impression
840,58,b69fb,2025-06-21 11:47:12,Saturday,Morning,Click
841,141,4972b,2025-06-07 06:38:25,Saturday,Morning,Impression
842,119,716f2,2025-06-27 10:13:37,Friday,Morning,Impression
843,77,d66ad,2025-06-02 11:47:27,Monday,Morning,Impression
844,180,e95a9,2025-07-27 23:56:12,Sunday,Evening,Click
845,128,0b2c8,2025-06-12 14:09:24,Thursday,Afternoon,Impression
846,175,6d48d,2025-05-25 21:49:40,Sunday,Evening,Impression
847,27,fb8e1,2025-07-08 05:11:29,Tuesday,Night,Click
848,106,c9708,2025-05-26 04:24:25,Monday,Night,Impression
849,160,55051,2025-05-11 11:53:21,Sunday,Morning,Impression
850,140,43af4,2025-05-19 12:31:59,Monday,Afternoon,Impression
851,139,0d9be,2025-08-03 18:00:06,Sunday,Evening,Impression
852,101,3b938,2025-06-03 00:04:23,Tuesday,Night,Click
853,96,ae4c1,2025-08-05 09:59:10,Tuesday,Morning,Impression
854,69,0fb16,2025-07-13 15:42:01,Sunday,Afternoon,Impression
855,56,3bbca,2025-07-20 08:17:08,Sunday,Morning,Click
856,146,2c4c4,2025-06-16 20:23:50,Monday,Evening,Impression
857,159,43891,2025-06-01 05:07:42,Sunday,Night,Click
858,193,d4331,2025-06-16 05:19:04,Monday,Night,Click
859,88,71410,2025-05-10 03:50:36,Saturday,Night,Impression
860,154,49121,2025-07-16 13:09:52,Wednesday,Afternoon,Impression
861,137,fb157,2025-07-19 02:32:56,Saturday,Night,Impression
862,13,97ebc,2025-06-09 01:04:10,Monday,Night,Impression
863,2,66255,2025-05-25 07:00:55,Sunday,Morning,Impression
864,162,ca4d5,2025-07-30 12:37:41,Wednesday,Afternoon,Impression
865,41,d93d2,2025-07-24 11:04:06,Thursday,Morning,Impression
866,51,55929,2025-08-06 01:20:49,Wednesday,Night,Impression
867,35,1f381,2025-05-14 21:33:42,Wednesday,Evening,Impression
868,59,66e84,2025-05-22 12:25:29,Thursday,Afternoon,Impression
869,125,ed09b,2025-05-12 01:48:56,Monday,Night,Impression
870,189,f3382,2025-05-14 05:53:12,Wednesday,Night,Impression
871,4,f57f2,2025-06-30 06:55:49,Monday,Morning,Impression
872,128,3a48a,2025-06-09 06:46:31,Monday,Morning,Click
873,37,d392e,2025-08-06 07:52:15,Wednesday,Morning,Click
874,191,b759f,2025-07-27 03:07:02,Sunday,Night,Impression
875,80,27043,2025-05-27 21:36:38,Tuesday,Evening,Impression
876,94,8a391,2025-08-01 16:00:56,Friday,Afternoon,Impression
877,95,044f3,2025-06-04 17:55:46,Wednesday,Afternoon,Impression
878,95,187b4,2025-05-22 04:07:19,Thursday,Night,Impression
879,130,5f2a1,2025-05-28 11:28:20,Wednesday,Morning,Impression
880,72,0d5f9,2025-07-17 11:33:37,Thursday,Morning,Impression
881,92,d07f7,2025-06-21 22:44:12,Saturday,Evening,Impression
882,4,6527c,2025-06-02 14:56:10,Monday,Afternoon,Impression
883,4,39f39,2025-05-26 07:31:57,Monday,Morning,Impression
884,57,92196,2025-06-09 11:04:28,Monday,Morning,Impression
885,65,f4dba,2025-07-18 15:03:58,Friday,Afternoon,Click
886,34,d9482,2025-07-11 07:49:44,Friday,Morning,Impression
887,18,9eba1,2025-07-03 12:10:43,Thursday,Afternoon,Impression
888,105,19af7,2025-06-19 14:28:39,Thursday,Afternoon,Impression
889,113,23c1a,2025-08-02 02:07:45,Saturday,Night,Impression
890,84,8404e,2025-05-23 12:27:25,Friday,Afternoon,Impression
891,64,46059,2025-07-07 16:08:39,Monday,Afternoon,Click
892,21,59b1a,2025-06-23 03:25:02,Monday,Night,Impression
893,59,bfd4f,2025-05-21 21:59:05,Wednesday,Evening,Impression
894,28,8be1d,2025-06-09 11:12:16,Monday,Morning,Impression
895,58,65524,2025-07-21 19:40:29,Monday,Evening,Click
896,22,99523,2025-06-10 14:23:51,Tuesday,Afternoon,Impression
897,23,c907d,2025-06-19 10:28:31,Thursday,Morning,Impression
898,67,40d9e,2025-07-02 03:29:58,Wednesday,Night,Impression
899,156,fca8f,2025-07-18 20:44:28,Friday,Evening,Impression
900,139,b2a20,2025-05-23 03:43:40,Friday,Night,Impression
901,147,286e6,2025-06-12 07:08:51,Thursday,Morning,Impression
902,75,ab9ad,2025-05-21 14:30:04,Wednesday,Afternoon,Impression
903,105,1f45d,2025-05-25 17:13:53,Sunday,Afternoon,Click
904,156,41c30,2025-06-05 00:21:16,Thursday,Night,Impression
905,184,0954c,2025-05-09 12:53:45,Friday,Afternoon,Impression
906,59,12823,2025-05-23 21:58:04,Friday,Evening,Impression
907,70,c85d3,2025-06-13 19:02:35,Friday,Evening,Impression
908,110,3aadb,2025-06-29 12:20:03,Sunday,Afternoon,Impression
909,163,67d76,2025-07-24 03:20:59,Thursday,Night,Impression
910,62,d6ee4,2025-07-19 09:52:41,Saturday,Morning,Impression
911,182,ce514,2025-06-21 09:10:46,Saturday,Morning,Impression
912,36,b8f4a,2025-07-29 18:25:55,Tuesday,Evening,Impression
913,92,d8d31,2025-06-21 11:25:14,Saturday,Morning,Click
914,93,e53e5,2025-05-19 08:39:06,Monday,Morning,Impression
915,141,0d09b,2025-06-23 14:57:05,Monday,Afternoon,Impression
916,194,13988,2025-06-21 23:30:12,Saturday,Evening,Impression
917,96,cb0b4,2025-06-09 21:10:06,Monday,Evening,Impression
918,76,45c66,2025-05-16 18:15:37,Friday,Evening,Impression
919,182,aa3af,2025-05-15 20:22:20,Thursday,Evening,Impression
920,3,7bcb6,2025-07-20 12:47:52,Sunday,Afternoon,Impression
921,199,4b8fe,2025-07-25 21:55:42,Friday,Evening,Impression
922,141,1c14d,2025-07-30 07:09:04,Wednesday,Morning,Impression
923,131,fb8e1,2025-05-26 16:28:40,Monday,Afternoon,Impression
924,32,77169,2025-06-01 22:57:17,Sunday,Evening,Impression
925,140,a32d2,2025-07-04 08:15:33,Friday,Morning,Impression
926,117,e85ed,2025-06-16 21:36:55,Monday,Evening,Like
927,52,031dc,2025-07-02 05:08:54,Wednesday,Night,Impression
928,100,b1065,2025-06-05 23:21:45,Thursday,Evening,Impression
929,188,75676,2025-05-29 18:32:56,Thursday,Evening,Impression
930,183,ee864,2025-06-25 00:48:39,Wednesday,Night,Impression
931,29,3cf04,2025-07-14 15:41:44,Monday,Afternoon,Click
932,50,d7dd4,2025-06-08 11:06:55,Sunday,Morning,Impression
933,99,efeb8,2025-05-23 01:23:17,Friday,Night,Comment
934,81,66fed,2025-06-04 21:46:21,Wednesday,Evening,Impression
935,63,a3562,2025-07-07 06:43:50,Monday,Morning,Impression
936,155,cf304,2025-07-26 18:49:28,Saturday,Evening,Impression
937,110,789c9,2025-06-21 17:48:51,Saturday,Afternoon,Impression
938,123,beb84,2025-05-09 05:27:03,Friday,Night,Impression
939,149,9f24d,2025-05-24 13:41:11,Saturday,Afternoon,Impression
940,194,1e2b5,2025-05-20 02:56:04,Tuesday,Night,Impression
941,177,74b18,2025-05-22 02:22:29,Thursday,Night,Share
942,111,0a65c,2025-05-30 00:34:24,Friday,Night,Impression
943,166,2b498,2025-05-23 12:01:08,Friday,Afternoon,Impression
944,61,4ce09,2025-07-24 17:43:00,Thursday,Afternoon,Impression
945,138,1f81a,2025-05-12 23:19:14,Monday,Evening,Impression
946,54,cf72f,2025-07-24 18:08:39,Thursday,Evening,Impression
947,97,c7225,2025-07-27 22:34:28,Sunday,Evening,Impression
948,196,b070c,2025-05-14 11:53:35,Wednesday,Morning,Impression
949,139,0e55b,2025-05-14 06:22:52,Wednesday,Morning,Impression
950,104,98433,2025-05-27 12:15:40,Tuesday,Afternoon,Impression
951,6,7aeaa,2025-07-23 20:44:07,Wednesday,Evening,Impression
952,160,9ccda,2025-05-26 03:08:29,Monday,Night,Impression
953,101,31f9d,2025-06-08 16:20:42,Sunday,Afternoon,Impression
954,46,43cc0,2025-06-23 18:17:20,Monday,Evening,Impression
955,108,6e237,2025-07-25 19:03:42,Friday,Evening,Impression
956,7,baf6c,2025-06-09 23:08:12,Monday,Evening,Impression
957,178,bf4c0,2025-07-25 00:17:06,Friday,Night,Impression
958,146,fc736,2025-05-14 04:42:05,Wednesday,Night,Impression
959,53,c54e3,2025-06-09 00:14:26,Monday,Night,Impression
960,67,66d2f,2025-05-29 12:56:47,Thursday,Afternoon,Impression
961,117,9f760,2025-07-27 09:50:34,Sunday,Morning,Click
962,116,90961,2025-06-01 01:58:55,Sunday,Night,Impression
963,104,16f7a,2025-06-13 05:21:24,Friday,Night,Impression
964,197,7be0a,2025-07-18 05:10:31,Friday,Night,Impression
965,43,177ac,2025-07-26 04:18:35,Saturday,Night,Impression
966,64,ea34a,2025-05-15 12:25:11,Thursday,Afternoon,Impression
967,11,eec05,2025-08-01 12:51:21,Friday,Afternoon,Impression
968,194,abbeb,2025-06-01 23:45:59,Sunday,Evening,Impression
969,141,0dac5,2025-07-13 04:54:01,Sunday,Night,Impression
970,15,c2b6c,2025-07-14 14:46:01,Monday,Afternoon,Impression
971,147,9ff21,2025-05-09 10:57:06,Friday,Morning,Impression
972,33,fa00d,2025-08-03 14:19:48,Sunday,Afternoon,Impression
973,103,03893,2025-05-21 13:54:25,Wednesday,Afternoon,Impression
974,44,84e64,2025-05-16 00:04:37,Friday,Night,Impression
975,133,f1919,2025-07-11 23:33:09,Friday,Evening,Impression
976,27,5e63c,2025-05-10 11:01:36,Saturday,Morning,Like
977,133,78eb0,2025-05-16 22:27:20,Friday,Evening,Impression
978,175,1e498,2025-07-29 09:42:01,Tuesday,Morning,Impression
979,6,34884,2025-06-25 05:39:52,Wednesday,Night,Impression
980,6,01ca6,2025-05-12 03:51:39,Monday,Night,Impression
981,167,0c3a6,2025-06-17 19:26:58,Tuesday,Evening,Click
982,171,29982,2025-06-30 08:32:09,Monday,Morning,Impression
983,141,ed113,2025-06-08 12:01:24,Sunday,Afternoon,Impression
984,176,3b395,2025-06-07 23:19:31,Saturday,Evening,Impression
985,76,3dd3b,2025-07-07 19:54:03,Monday,Evening,Click
986,112,87758,2025-07-28 03:04:29,Monday,Night,Impression
987,36,b8ee1,2025-05-13 01:22:20,Tuesday,Night,Impression
988,25,b7f1a,2025-07-11 19:00:33,Friday,Evening,Impression
989,173,062b2,2025-07-31 13:23:32,Thursday,Afternoon,Impression
990,69,3d18c,2025-05-09 18:34:45,Friday,Evening,Impression
991,123,e66a9,2025-06-12 01:01:23,Thursday,Night,Impression
992,31,fef50,2025-05-09 12:51:15,Friday,Afternoon,Impression
993,150,c29c1,2025-08-01 16:34:29,Friday,Afternoon,Impression
994,162,4ac67,2025-06-29 23:18:01,Sunday,Evening,Impression
995,194,026fc,2025-05-08 16:17:41,Thursday,Afternoon,Click
996,78,b4f98,2025-07-06 11:25:19,Sunday,Morning,Impression
997,143,a4d92,2025-07-04 09:24:44,Friday,Morning,Comment
998,150,2b97e,2025-07-26 11:04:04,Saturday,Morning,Impression
999,108,15dd6,2025-07-22 12:55:23,Tuesday,Afternoon,Impression
1000,127,947be,2025-06-20 00:00:13,Friday,Night,Impression
